month,year,payment,interest,principal,balance
1,1,1316.05,1113.24,202.81,213539.69
2,1,1316.05,1112.19,203.86,213335.83
3,1,1316.05,1111.12,204.93,213130.9
4,1,1316.05,1110.06,205.99,212924.91
5,1,1316.05,1108.98,207.07,212717.85
6,1,1316.05,1107.91,208.14,212509.7
7,1,1316.05,1106.82,209.23,212300.47
8,1,1316.05,1105.73,210.32,212090.16
9,1,1316.05,1104.64,211.41,211878.74
10,1,1316.05,1103.54,212.51,211666.23
11,1,1316.05,1102.43,213.62,211452.61
12,1,1316.05,1101.32,214.73,211237.87
13,2,1316.05,1100.2,215.85,211022.02
14,2,1316.05,1099.07,216.98,210805.05
15,2,1316.05,1097.94,218.11,210586.94
16,2,1316.05,1096.81,219.24,210367.7
17,2,1316.05,1095.67,220.38,210147.31
18,2,1316.05,1094.52,221.53,209925.78
19,2,1316.05,1093.36,222.69,209703.1
20,2,1316.05,1092.2,223.85,209479.25
21,2,1316.05,1091.04,225.01,209254.24
22,2,1316.05,1089.87,226.18,209028.05
23,2,1316.05,1088.69,227.36,208800.69
24,2,1316.05,1087.5,228.55,208572.15
25,3,1316.05,1086.31,229.74,208342.41
26,3,1316.05,1085.12,230.93,208111.48
27,3,1316.05,1083.91,232.14,207879.34
28,3,1316.05,1082.7,233.34,207646.0
29,3,1316.05,1081.49,234.56,207411.44
30,3,1316.05,1080.27,235.78,207175.66
31,3,1316.05,1079.04,237.01,206938.65
32,3,1316.05,1077.81,238.24,206700.4
33,3,1316.05,1076.56,239.48,206460.92
34,3,1316.05,1075.32,240.73,206220.19
35,3,1316.05,1074.06,241.99,205978.2
36,3,1316.05,1072.8,243.25,205734.96
37,4,1316.05,1071.54,244.51,205490.44
38,4,1316.05,1070.26,245.79,205244.66
39,4,1316.05,1068.98,247.07,204997.59
40,4,1316.05,1067.7,248.35,204749.24
41,4,1316.05,1066.4,249.65,204499.59
42,4,1316.05,1065.1,250.95,204248.64
43,4,1316.05,1063.8,252.25,203996.39
44,4,1316.05,1062.48,253.57,203742.82
45,4,1316.05,1061.16,254.89,203487.93
46,4,1316.05,1059.83,256.22,203231.71
47,4,1316.05,1058.5,257.55,202974.16
48,4,1316.05,1057.16,258.89,202715.27
