scenario_key,down_pct,fill_rate,appreciation,furnish,is_empty,days_in_year,owner_days,occupied_days,gross_rent,fixed_costs,variable_costs,total_operating_outflow,net_cash_flow_annual,operating_pnl_annual,sale_price,adjusted_basis,gain_realized,suspended_pal,net_proceeds_after_tax,avg_annual_economic_cost,rent_equivalent_val,economic_premium,incremental_benefit_cash
0.2_0.6_0.01_8000.0,0.2,0.6,0.01,8000.0,False,365,28,162.0,14911.242603550294,32686.509035706535,7067.609467455622,39754.11850316216,-24842.875899611863,-21957.975984414,380608.04999798856,296102.2727272727,57863.21377085667,229478.5591636253,151779.3804315708,7553.85726653032,8334.0,-780.14273346968,7843.6331360946715
0.2_0.6_0.01_8000.0,0.2,0.6,0.01,8000.0,False,365,28,162.0,14911.242603550294,32686.509035706535,7067.609467455622,39754.11850316216,-24842.875899611863,-21957.975984414,380608.04999798856,296102.2727272727,57863.21377085667,229478.5591636253,151779.3804315708,7553.85726653032,8334.0,-780.14273346968,7843.6331360946715
0.2_0.6_0.01_8000.0,0.2,0.6,0.01,8000.0,False,365,42,162.0,14911.242603550294,32686.509035706535,7067.609467455622,39754.11850316216,-24842.875899611863,-21957.975984414,380608.04999798856,296102.2727272727,57863.21377085667,229478.5591636253,151779.3804315708,7553.85726653032,12501.0,-4947.14273346968,7843.6331360946715
0.2_0.6_0.01_16000.0,0.2,0.6,0.01,16000.0,False,365,28,162.0,14911.242603550294,32686.509035706535,7067.609467455622,39754.11850316216,-24842.875899611863,-21957.975984414,380608.04999798856,296102.2727272727,57863.21377085667,237478.55916362526,154259.3804315708,7599.571552244605,8334.0,-734.4284477553947,7843.6331360946715
0.2_0.6_0.01_16000.0,0.2,0.6,0.01,16000.0,False,365,28,162.0,14911.242603550294,32686.509035706535,7067.609467455622,39754.11850316216,-24842.875899611863,-21957.975984414,380608.04999798856,296102.2727272727,57863.21377085667,237478.55916362526,154259.3804315708,7599.571552244605,8334.0,-734.4284477553947,7843.6331360946715
0.2_0.6_0.01_16000.0,0.2,0.6,0.01,16000.0,False,365,42,162.0,14911.242603550294,32686.509035706535,7067.609467455622,39754.11850316216,-24842.875899611863,-21957.975984414,380608.04999798856,296102.2727272727,57863.21377085667,237478.55916362526,154259.3804315708,7599.571552244605,12501.0,-4901.428447755395,7843.6331360946715
0.2_0.6_0.01_30000.0,0.2,0.6,0.01,30000.0,False,365,28,162.0,14911.242603550294,32686.509035706535,7067.609467455622,39754.11850316216,-24842.875899611863,-21957.975984414,380608.04999798856,296102.2727272727,57863.21377085667,251478.55916362526,158599.3804315708,7679.571552244605,8334.0,-654.4284477553947,7843.6331360946715
0.2_0.6_0.01_30000.0,0.2,0.6,0.01,30000.0,False,365,28,162.0,14911.242603550294,32686.509035706535,7067.609467455622,39754.11850316216,-24842.875899611863,-21957.975984414,380608.04999798856,296102.2727272727,57863.21377085667,251478.55916362526,158599.3804315708,7679.571552244605,8334.0,-654.4284477553947,7843.6331360946715
0.2_0.6_0.01_30000.0,0.2,0.6,0.01,30000.0,False,365,42,162.0,14911.242603550294,32686.509035706535,7067.609467455622,39754.11850316216,-24842.875899611863,-21957.975984414,380608.04999798856,296102.2727272727,57863.21377085667,251478.55916362526,158599.3804315708,7679.571552244605,12501.0,-4821.428447755395,7843.6331360946715
0.2_0.6_0.03_8000.0,0.2,0.6,0.03,8000.0,False,365,28,162.0,14911.242603550294,32686.509035706535,7067.609467455622,39754.11850316216,-24842.875899611863,-21957.975984414,436605.2222258289,296102.2727272727,109940.5839427482,229478.5591636253,192545.8008939905,1730.0829147560787,8334.0,-6603.917085243921,7843.6331360946715
0.2_0.6_0.03_8000.0,0.2,0.6,0.03,8000.0,False,365,28,162.0,14911.242603550294,32686.509035706535,7067.609467455622,39754.11850316216,-24842.875899611863,-21957.975984414,436605.2222258289,296102.2727272727,109940.5839427482,229478.5591636253,192545.8008939905,1730.0829147560787,8334.0,-6603.917085243921,7843.6331360946715
0.2_0.6_0.03_8000.0,0.2,0.6,0.03,8000.0,False,365,42,162.0,14911.242603550294,32686.509035706535,7067.609467455622,39754.11850316216,-24842.875899611863,-21957.975984414,436605.2222258289,296102.2727272727,109940.5839427482,229478.5591636253,192545.8008939905,1730.0829147560787,12501.0,-10770.917085243922,7843.6331360946715
0.2_0.6_0.03_16000.0,0.2,0.6,0.03,16000.0,False,365,28,162.0,14911.242603550294,32686.509035706535,7067.609467455622,39754.11850316216,-24842.875899611863,-21957.975984414,436605.2222258289,296102.2727272727,109940.5839427482,237478.55916362526,194625.8008939905,1832.9400576132216,8334.0,-6501.059942386779,7843.6331360946715
0.2_0.6_0.03_16000.0,0.2,0.6,0.03,16000.0,False,365,28,162.0,14911.242603550294,32686.509035706535,7067.609467455622,39754.11850316216,-24842.875899611863,-21957.975984414,436605.2222258289,296102.2727272727,109940.5839427482,237478.55916362526,194625.8008939905,1832.9400576132216,8334.0,-6501.059942386779,7843.6331360946715
0.2_0.6_0.03_16000.0,0.2,0.6,0.03,16000.0,False,365,42,162.0,14911.242603550294,32686.509035706535,7067.609467455622,39754.11850316216,-24842.875899611863,-21957.975984414,436605.2222258289,296102.2727272727,109940.5839427482,237478.55916362526,194625.8008939905,1832.9400576132216,12501.0,-10668.059942386779,7843.6331360946715
0.2_0.6_0.03_30000.0,0.2,0.6,0.03,30000.0,False,365,28,162.0,14911.242603550294,32686.509035706535,7067.609467455622,39754.11850316216,-24842.875899611863,-21957.975984414,436605.2222258289,296102.2727272727,109940.5839427482,251478.55916362526,198265.8008939905,2012.9400576132216,8334.0,-6321.059942386779,7843.6331360946715
0.2_0.6_0.03_30000.0,0.2,0.6,0.03,30000.0,False,365,28,162.0,14911.242603550294,32686.509035706535,7067.609467455622,39754.11850316216,-24842.875899611863,-21957.975984414,436605.2222258289,296102.2727272727,109940.5839427482,251478.55916362526,198265.8008939905,2012.9400576132216,8334.0,-6321.059942386779,7843.6331360946715
0.2_0.6_0.03_30000.0,0.2,0.6,0.03,30000.0,False,365,42,162.0,14911.242603550294,32686.509035706535,7067.609467455622,39754.11850316216,-24842.875899611863,-21957.975984414,436605.2222258289,296102.2727272727,109940.5839427482,251478.55916362526,198265.8008939905,2012.9400576132216,12501.0,-10488.059942386779,7843.6331360946715
0.2_0.6_0.05_8000.0,0.2,0.6,0.05,8000.0,False,365,28,162.0,14911.242603550294,32686.509035706535,7067.609467455622,39754.11850316216,-24842.875899611863,-21957.975984414,499520.6500429689,296102.2727272727,168451.93181268836,229478.5591636253,239354.87918994264,-4956.928270379942,8334.0,-13290.928270379942,7843.6331360946715
0.2_0.6_0.05_8000.0,0.2,0.6,0.05,8000.0,False,365,28,162.0,14911.242603550294,32686.509035706535,7067.609467455622,39754.11850316216,-24842.875899611863,-21957.975984414,499520.6500429689,296102.2727272727,168451.93181268836,229478.5591636253,239354.87918994264,-4956.928270379942,8334.0,-13290.928270379942,7843.6331360946715
0.2_0.6_0.05_8000.0,0.2,0.6,0.05,8000.0,False,365,42,162.0,14911.242603550294,32686.509035706535,7067.609467455622,39754.11850316216,-24842.875899611863,-21957.975984414,499520.6500429689,296102.2727272727,168451.93181268836,229478.5591636253,239354.87918994264,-4956.928270379942,12501.0,-17457.92827037994,7843.6331360946715
0.2_0.6_0.05_16000.0,0.2,0.6,0.05,16000.0,False,365,28,162.0,14911.242603550294,32686.509035706535,7067.609467455622,39754.11850316216,-24842.875899611863,-21957.975984414,499520.6500429689,296102.2727272727,168451.93181268836,237478.55916362526,241434.8791899426,-4854.071127522795,8334.0,-13188.071127522795,7843.6331360946715
0.2_0.6_0.05_16000.0,0.2,0.6,0.05,16000.0,False,365,28,162.0,14911.242603550294,32686.509035706535,7067.609467455622,39754.11850316216,-24842.875899611863,-21957.975984414,499520.6500429689,296102.2727272727,168451.93181268836,237478.55916362526,241434.8791899426,-4854.071127522795,8334.0,-13188.071127522795,7843.6331360946715
0.2_0.6_0.05_16000.0,0.2,0.6,0.05,16000.0,False,365,42,162.0,14911.242603550294,32686.509035706535,7067.609467455622,39754.11850316216,-24842.875899611863,-21957.975984414,499520.6500429689,296102.2727272727,168451.93181268836,237478.55916362526,241434.8791899426,-4854.071127522795,12501.0,-17355.071127522795,7843.6331360946715
0.2_0.6_0.05_30000.0,0.2,0.6,0.05,30000.0,False,365,28,162.0,14911.242603550294,32686.509035706535,7067.609467455622,39754.11850316216,-24842.875899611863,-21957.975984414,499520.6500429689,296102.2727272727,168451.93181268836,251478.55916362526,245074.8791899426,-4674.071127522795,8334.0,-13008.071127522795,7843.6331360946715
0.2_0.6_0.05_30000.0,0.2,0.6,0.05,30000.0,False,365,28,162.0,14911.242603550294,32686.509035706535,7067.609467455622,39754.11850316216,-24842.875899611863,-21957.975984414,499520.6500429689,296102.2727272727,168451.93181268836,251478.55916362526,245074.8791899426,-4674.071127522795,8334.0,-13008.071127522795,7843.6331360946715
0.2_0.6_0.05_30000.0,0.2,0.6,0.05,30000.0,False,365,42,162.0,14911.242603550294,32686.509035706535,7067.609467455622,39754.11850316216,-24842.875899611863,-21957.975984414,499520.6500429689,296102.2727272727,168451.93181268836,251478.55916362526,245074.8791899426,-4674.071127522795,12501.0,-17175.071127522795,7843.6331360946715
0.2_0.7_0.01_8000.0,0.2,0.7,0.01,8000.0,False,365,28,189.0,17396.44970414201,32686.509035706535,8245.544378698225,40932.053414404756,-23535.603710262745,-20650.70379506488,380608.04999798856,296102.2727272727,57863.21377085667,220327.65383818143,148942.59978068323,6651.839455879426,8334.0,-1682.1605441205738,9150.90532544379
0.2_0.7_0.01_8000.0,0.2,0.7,0.01,8000.0,False,365,28,189.0,17396.44970414201,32686.509035706535,8245.544378698225,40932.053414404756,-23535.603710262745,-20650.70379506488,380608.04999798856,296102.2727272727,57863.21377085667,220327.65383818143,148942.59978068323,6651.839455879426,8334.0,-1682.1605441205738,9150.90532544379
0.2_0.7_0.01_8000.0,0.2,0.7,0.01,8000.0,False,365,42,189.0,17396.44970414201,32686.509035706535,8245.544378698225,40932.053414404756,-23535.603710262745,-20650.70379506488,380608.04999798856,296102.2727272727,57863.21377085667,220327.65383818143,148942.59978068323,6651.839455879426,12501.0,-5849.160544120574,9150.90532544379
0.2_0.7_0.01_16000.0,0.2,0.7,0.01,16000.0,False,365,28,189.0,17396.44970414201,32686.509035706535,8245.544378698225,40932.053414404756,-23535.603710262745,-20650.70379506488,380608.04999798856,296102.2727272727,57863.21377085667,228327.65383818143,151422.59978068323,6697.553741593712,8334.0,-1636.4462584062876,9150.90532544379
0.2_0.7_0.01_16000.0,0.2,0.7,0.01,16000.0,False,365,28,189.0,17396.44970414201,32686.509035706535,8245.544378698225,40932.053414404756,-23535.603710262745,-20650.70379506488,380608.04999798856,296102.2727272727,57863.21377085667,228327.65383818143,151422.59978068323,6697.553741593712,8334.0,-1636.4462584062876,9150.90532544379
0.2_0.7_0.01_16000.0,0.2,0.7,0.01,16000.0,False,365,42,189.0,17396.44970414201,32686.509035706535,8245.544378698225,40932.053414404756,-23535.603710262745,-20650.70379506488,380608.04999798856,296102.2727272727,57863.21377085667,228327.65383818143,151422.59978068323,6697.553741593712,12501.0,-5803.446258406288,9150.90532544379
0.2_0.7_0.01_30000.0,0.2,0.7,0.01,30000.0,False,365,28,189.0,17396.44970414201,32686.509035706535,8245.544378698225,40932.053414404756,-23535.603710262745,-20650.70379506488,380608.04999798856,296102.2727272727,57863.21377085667,242327.65383818143,155762.59978068323,6777.553741593712,8334.0,-1556.4462584062876,9150.90532544379
0.2_0.7_0.01_30000.0,0.2,0.7,0.01,30000.0,False,365,28,189.0,17396.44970414201,32686.509035706535,8245.544378698225,40932.053414404756,-23535.603710262745,-20650.70379506488,380608.04999798856,296102.2727272727,57863.21377085667,242327.65383818143,155762.59978068323,6777.553741593712,8334.0,-1556.4462584062876,9150.90532544379
0.2_0.7_0.01_30000.0,0.2,0.7,0.01,30000.0,False,365,42,189.0,17396.44970414201,32686.509035706535,8245.544378698225,40932.053414404756,-23535.603710262745,-20650.70379506488,380608.04999798856,296102.2727272727,57863.21377085667,242327.65383818143,155762.59978068323,6777.553741593712,12501.0,-5723.446258406288,9150.90532544379
0.2_0.7_0.03_8000.0,0.2,0.7,0.03,8000.0,False,365,28,189.0,17396.44970414201,32686.509035706535,8245.544378698225,40932.053414404756,-23535.603710262745,-20650.70379506488,436605.2222258289,296102.2727272727,109940.5839427482,220327.65383818143,189709.02024310292,828.0651041051855,8334.0,-7505.934895894815,9150.90532544379
0.2_0.7_0.03_8000.0,0.2,0.7,0.03,8000.0,False,365,28,189.0,17396.44970414201,32686.509035706535,8245.544378698225,40932.053414404756,-23535.603710262745,-20650.70379506488,436605.2222258289,296102.2727272727,109940.5839427482,220327.65383818143,189709.02024310292,828.0651041051855,8334.0,-7505.934895894815,9150.90532544379
0.2_0.7_0.03_8000.0,0.2,0.7,0.03,8000.0,False,365,42,189.0,17396.44970414201,32686.509035706535,8245.544378698225,40932.053414404756,-23535.603710262745,-20650.70379506488,436605.2222258289,296102.2727272727,109940.5839427482,220327.65383818143,189709.02024310292,828.0651041051855,12501.0,-11672.934895894814,9150.90532544379
0.2_0.7_0.03_16000.0,0.2,0.7,0.03,16000.0,False,365,28,189.0,17396.44970414201,32686.509035706535,8245.544378698225,40932.053414404756,-23535.603710262745,-20650.70379506488,436605.2222258289,296102.2727272727,109940.5839427482,228327.65383818143,191789.02024310292,930.9222469623284,8334.0,-7403.077753037672,9150.90532544379
0.2_0.7_0.03_16000.0,0.2,0.7,0.03,16000.0,False,365,28,189.0,17396.44970414201,32686.509035706535,8245.544378698225,40932.053414404756,-23535.603710262745,-20650.70379506488,436605.2222258289,296102.2727272727,109940.5839427482,228327.65383818143,191789.02024310292,930.9222469623284,8334.0,-7403.077753037672,9150.90532544379
0.2_0.7_0.03_16000.0,0.2,0.7,0.03,16000.0,False,365,42,189.0,17396.44970414201,32686.509035706535,8245.544378698225,40932.053414404756,-23535.603710262745,-20650.70379506488,436605.2222258289,296102.2727272727,109940.5839427482,228327.65383818143,191789.02024310292,930.9222469623284,12501.0,-11570.07775303767,9150.90532544379
0.2_0.7_0.03_30000.0,0.2,0.7,0.03,30000.0,False,365,28,189.0,17396.44970414201,32686.509035706535,8245.544378698225,40932.053414404756,-23535.603710262745,-20650.70379506488,436605.2222258289,296102.2727272727,109940.5839427482,242327.65383818143,195429.02024310292,1110.9222469623285,8334.0,-7223.077753037672,9150.90532544379
0.2_0.7_0.03_30000.0,0.2,0.7,0.03,30000.0,False,365,28,189.0,17396.44970414201,32686.509035706535,8245.544378698225,40932.053414404756,-23535.603710262745,-20650.70379506488,436605.2222258289,296102.2727272727,109940.5839427482,242327.65383818143,195429.02024310292,1110.9222469623285,8334.0,-7223.077753037672,9150.90532544379
0.2_0.7_0.03_30000.0,0.2,0.7,0.03,30000.0,False,365,42,189.0,17396.44970414201,32686.509035706535,8245.544378698225,40932.053414404756,-23535.603710262745,-20650.70379506488,436605.2222258289,296102.2727272727,109940.5839427482,242327.65383818143,195429.02024310292,1110.9222469623285,12501.0,-11390.07775303767,9150.90532544379
0.2_0.7_0.05_8000.0,0.2,0.7,0.05,8000.0,False,365,28,189.0,17396.44970414201,32686.509035706535,8245.544378698225,40932.053414404756,-23535.603710262745,-20650.70379506488,499520.6500429689,296102.2727272727,168451.93181268836,220327.65383818143,236518.09853905503,-5858.946081030831,8334.0,-14192.94608103083,9150.90532544379
0.2_0.7_0.05_8000.0,0.2,0.7,0.05,8000.0,False,365,28,189.0,17396.44970414201,32686.509035706535,8245.544378698225,40932.053414404756,-23535.603710262745,-20650.70379506488,499520.6500429689,296102.2727272727,168451.93181268836,220327.65383818143,236518.09853905503,-5858.946081030831,8334.0,-14192.94608103083,9150.90532544379
0.2_0.7_0.05_8000.0,0.2,0.7,0.05,8000.0,False,365,42,189.0,17396.44970414201,32686.509035706535,8245.544378698225,40932.053414404756,-23535.603710262745,-20650.70379506488,499520.6500429689,296102.2727272727,168451.93181268836,220327.65383818143,236518.09853905503,-5858.946081030831,12501.0,-18359.94608103083,9150.90532544379
0.2_0.7_0.05_16000.0,0.2,0.7,0.05,16000.0,False,365,28,189.0,17396.44970414201,32686.509035706535,8245.544378698225,40932.053414404756,-23535.603710262745,-20650.70379506488,499520.6500429689,296102.2727272727,168451.93181268836,228327.65383818143,238598.09853905503,-5756.088938173688,8334.0,-14090.088938173689,9150.90532544379
0.2_0.7_0.05_16000.0,0.2,0.7,0.05,16000.0,False,365,28,189.0,17396.44970414201,32686.509035706535,8245.544378698225,40932.053414404756,-23535.603710262745,-20650.70379506488,499520.6500429689,296102.2727272727,168451.93181268836,228327.65383818143,238598.09853905503,-5756.088938173688,8334.0,-14090.088938173689,9150.90532544379
0.2_0.7_0.05_16000.0,0.2,0.7,0.05,16000.0,False,365,42,189.0,17396.44970414201,32686.509035706535,8245.544378698225,40932.053414404756,-23535.603710262745,-20650.70379506488,499520.6500429689,296102.2727272727,168451.93181268836,228327.65383818143,238598.09853905503,-5756.088938173688,12501.0,-18257.08893817369,9150.90532544379
0.2_0.7_0.05_30000.0,0.2,0.7,0.05,30000.0,False,365,28,189.0,17396.44970414201,32686.509035706535,8245.544378698225,40932.053414404756,-23535.603710262745,-20650.70379506488,499520.6500429689,296102.2727272727,168451.93181268836,242327.65383818143,242238.09853905503,-5576.088938173688,8334.0,-13910.088938173689,9150.90532544379
0.2_0.7_0.05_30000.0,0.2,0.7,0.05,30000.0,False,365,28,189.0,17396.44970414201,32686.509035706535,8245.544378698225,40932.053414404756,-23535.603710262745,-20650.70379506488,499520.6500429689,296102.2727272727,168451.93181268836,242327.65383818143,242238.09853905503,-5576.088938173688,8334.0,-13910.088938173689,9150.90532544379
0.2_0.7_0.05_30000.0,0.2,0.7,0.05,30000.0,False,365,42,189.0,17396.44970414201,32686.509035706535,8245.544378698225,40932.053414404756,-23535.603710262745,-20650.70379506488,499520.6500429689,296102.2727272727,168451.93181268836,242327.65383818143,242238.09853905503,-5576.088938173688,12501.0,-18077.08893817369,9150.90532544379
0.2_0.75_0.01_8000.0,0.2,0.75,0.01,8000.0,False,365,28,202.5,18639.05325443787,32686.509035706535,8834.511834319526,41521.02087002606,-22881.967615588193,-19997.067700390337,380608.04999798856,296102.2727272727,57863.21377085667,215752.20117545963,147524.20945523947,6200.830550553984,8334.0,-2133.169449446016,9804.541420118341
0.2_0.75_0.01_8000.0,0.2,0.75,0.01,8000.0,False,365,28,202.5,18639.05325443787,32686.509035706535,8834.511834319526,41521.02087002606,-22881.967615588193,-19997.067700390337,380608.04999798856,296102.2727272727,57863.21377085667,215752.20117545963,147524.20945523947,6200.830550553984,8334.0,-2133.169449446016,9804.541420118341
0.2_0.75_0.01_8000.0,0.2,0.75,0.01,8000.0,False,365,42,202.5,18639.05325443787,32686.509035706535,8834.511834319526,41521.02087002606,-22881.967615588193,-19997.067700390337,380608.04999798856,296102.2727272727,57863.21377085667,215752.20117545963,147524.20945523947,6200.830550553984,12501.0,-6300.169449446016,9804.541420118341
0.2_0.75_0.01_16000.0,0.2,0.75,0.01,16000.0,False,365,28,202.5,18639.05325443787,32686.509035706535,8834.511834319526,41521.02087002606,-22881.967615588193,-19997.067700390337,380608.04999798856,296102.2727272727,57863.21377085667,223752.20117545966,150004.20945523947,6246.54483626827,8334.0,-2087.45516373173,9804.541420118341
0.2_0.75_0.01_16000.0,0.2,0.75,0.01,16000.0,False,365,28,202.5,18639.05325443787,32686.509035706535,8834.511834319526,41521.02087002606,-22881.967615588193,-19997.067700390337,380608.04999798856,296102.2727272727,57863.21377085667,223752.20117545966,150004.20945523947,6246.54483626827,8334.0,-2087.45516373173,9804.541420118341
0.2_0.75_0.01_16000.0,0.2,0.75,0.01,16000.0,False,365,42,202.5,18639.05325443787,32686.509035706535,8834.511834319526,41521.02087002606,-22881.967615588193,-19997.067700390337,380608.04999798856,296102.2727272727,57863.21377085667,223752.20117545966,150004.20945523947,6246.54483626827,12501.0,-6254.45516373173,9804.541420118341
0.2_0.75_0.01_30000.0,0.2,0.75,0.01,30000.0,False,365,28,202.5,18639.05325443787,32686.509035706535,8834.511834319526,41521.02087002606,-22881.967615588193,-19997.067700390337,380608.04999798856,296102.2727272727,57863.21377085667,237752.20117545966,154344.20945523947,6326.54483626827,8334.0,-2007.45516373173,9804.541420118341
0.2_0.75_0.01_30000.0,0.2,0.75,0.01,30000.0,False,365,28,202.5,18639.05325443787,32686.509035706535,8834.511834319526,41521.02087002606,-22881.967615588193,-19997.067700390337,380608.04999798856,296102.2727272727,57863.21377085667,237752.20117545966,154344.20945523947,6326.54483626827,8334.0,-2007.45516373173,9804.541420118341
0.2_0.75_0.01_30000.0,0.2,0.75,0.01,30000.0,False,365,42,202.5,18639.05325443787,32686.509035706535,8834.511834319526,41521.02087002606,-22881.967615588193,-19997.067700390337,380608.04999798856,296102.2727272727,57863.21377085667,237752.20117545966,154344.20945523947,6326.54483626827,12501.0,-6174.45516373173,9804.541420118341
0.2_0.75_0.03_8000.0,0.2,0.75,0.03,8000.0,False,365,28,202.5,18639.05325443787,32686.509035706535,8834.511834319526,41521.02087002606,-22881.967615588193,-19997.067700390337,436605.2222258289,296102.2727272727,109940.5839427482,215752.20117545963,188290.62991765916,377.05619877974306,8334.0,-7956.943801220257,9804.541420118341
0.2_0.75_0.03_8000.0,0.2,0.75,0.03,8000.0,False,365,28,202.5,18639.05325443787,32686.509035706535,8834.511834319526,41521.02087002606,-22881.967615588193,-19997.067700390337,436605.2222258289,296102.2727272727,109940.5839427482,215752.20117545963,188290.62991765916,377.05619877974306,8334.0,-7956.943801220257,9804.541420118341
0.2_0.75_0.03_8000.0,0.2,0.75,0.03,8000.0,False,365,42,202.5,18639.05325443787,32686.509035706535,8834.511834319526,41521.02087002606,-22881.967615588193,-19997.067700390337,436605.2222258289,296102.2727272727,109940.5839427482,215752.20117545963,188290.62991765916,377.05619877974306,12501.0,-12123.943801220257,9804.541420118341
0.2_0.75_0.03_16000.0,0.2,0.75,0.03,16000.0,False,365,28,202.5,18639.05325443787,32686.509035706535,8834.511834319526,41521.02087002606,-22881.967615588193,-19997.067700390337,436605.2222258289,296102.2727272727,109940.5839427482,223752.20117545966,190370.62991765916,479.9133416368859,8334.0,-7854.086658363114,9804.541420118341
0.2_0.75_0.03_16000.0,0.2,0.75,0.03,16000.0,False,365,28,202.5,18639.05325443787,32686.509035706535,8834.511834319526,41521.02087002606,-22881.967615588193,-19997.067700390337,436605.2222258289,296102.2727272727,109940.5839427482,223752.20117545966,190370.62991765916,479.9133416368859,8334.0,-7854.086658363114,9804.541420118341
0.2_0.75_0.03_16000.0,0.2,0.75,0.03,16000.0,False,365,42,202.5,18639.05325443787,32686.509035706535,8834.511834319526,41521.02087002606,-22881.967615588193,-19997.067700390337,436605.2222258289,296102.2727272727,109940.5839427482,223752.20117545966,190370.62991765916,479.9133416368859,12501.0,-12021.086658363114,9804.541420118341
0.2_0.75_0.03_30000.0,0.2,0.75,0.03,30000.0,False,365,28,202.5,18639.05325443787,32686.509035706535,8834.511834319526,41521.02087002606,-22881.967615588193,-19997.067700390337,436605.2222258289,296102.2727272727,109940.5839427482,237752.20117545966,194010.62991765916,659.9133416368859,8334.0,-7674.086658363114,9804.541420118341
0.2_0.75_0.03_30000.0,0.2,0.75,0.03,30000.0,False,365,28,202.5,18639.05325443787,32686.509035706535,8834.511834319526,41521.02087002606,-22881.967615588193,-19997.067700390337,436605.2222258289,296102.2727272727,109940.5839427482,237752.20117545966,194010.62991765916,659.9133416368859,8334.0,-7674.086658363114,9804.541420118341
0.2_0.75_0.03_30000.0,0.2,0.75,0.03,30000.0,False,365,42,202.5,18639.05325443787,32686.509035706535,8834.511834319526,41521.02087002606,-22881.967615588193,-19997.067700390337,436605.2222258289,296102.2727272727,109940.5839427482,237752.20117545966,194010.62991765916,659.9133416368859,12501.0,-11841.086658363114,9804.541420118341
0.2_0.75_0.05_8000.0,0.2,0.75,0.05,8000.0,False,365,28,202.5,18639.05325443787,32686.509035706535,8834.511834319526,41521.02087002606,-22881.967615588193,-19997.067700390337,499520.6500429689,296102.2727272727,168451.93181268836,215752.20117545963,235099.70821361127,-6309.954986356273,8334.0,-14643.954986356273,9804.541420118341
0.2_0.75_0.05_8000.0,0.2,0.75,0.05,8000.0,False,365,28,202.5,18639.05325443787,32686.509035706535,8834.511834319526,41521.02087002606,-22881.967615588193,-19997.067700390337,499520.6500429689,296102.2727272727,168451.93181268836,215752.20117545963,235099.70821361127,-6309.954986356273,8334.0,-14643.954986356273,9804.541420118341
0.2_0.75_0.05_8000.0,0.2,0.75,0.05,8000.0,False,365,42,202.5,18639.05325443787,32686.509035706535,8834.511834319526,41521.02087002606,-22881.967615588193,-19997.067700390337,499520.6500429689,296102.2727272727,168451.93181268836,215752.20117545963,235099.70821361127,-6309.954986356273,12501.0,-18810.95498635627,9804.541420118341
0.2_0.75_0.05_16000.0,0.2,0.75,0.05,16000.0,False,365,28,202.5,18639.05325443787,32686.509035706535,8834.511834319526,41521.02087002606,-22881.967615588193,-19997.067700390337,499520.6500429689,296102.2727272727,168451.93181268836,223752.20117545966,237179.70821361127,-6207.097843499131,8334.0,-14541.09784349913,9804.541420118341
0.2_0.75_0.05_16000.0,0.2,0.75,0.05,16000.0,False,365,28,202.5,18639.05325443787,32686.509035706535,8834.511834319526,41521.02087002606,-22881.967615588193,-19997.067700390337,499520.6500429689,296102.2727272727,168451.93181268836,223752.20117545966,237179.70821361127,-6207.097843499131,8334.0,-14541.09784349913,9804.541420118341
0.2_0.75_0.05_16000.0,0.2,0.75,0.05,16000.0,False,365,42,202.5,18639.05325443787,32686.509035706535,8834.511834319526,41521.02087002606,-22881.967615588193,-19997.067700390337,499520.6500429689,296102.2727272727,168451.93181268836,223752.20117545966,237179.70821361127,-6207.097843499131,12501.0,-18708.09784349913,9804.541420118341
0.2_0.75_0.05_30000.0,0.2,0.75,0.05,30000.0,False,365,28,202.5,18639.05325443787,32686.509035706535,8834.511834319526,41521.02087002606,-22881.967615588193,-19997.067700390337,499520.6500429689,296102.2727272727,168451.93181268836,237752.20117545966,240819.70821361127,-6027.097843499131,8334.0,-14361.09784349913,9804.541420118341
0.2_0.75_0.05_30000.0,0.2,0.75,0.05,30000.0,False,365,28,202.5,18639.05325443787,32686.509035706535,8834.511834319526,41521.02087002606,-22881.967615588193,-19997.067700390337,499520.6500429689,296102.2727272727,168451.93181268836,237752.20117545966,240819.70821361127,-6027.097843499131,8334.0,-14361.09784349913,9804.541420118341
0.2_0.75_0.05_30000.0,0.2,0.75,0.05,30000.0,False,365,42,202.5,18639.05325443787,32686.509035706535,8834.511834319526,41521.02087002606,-22881.967615588193,-19997.067700390337,499520.6500429689,296102.2727272727,168451.93181268836,237752.20117545966,240819.70821361127,-6027.097843499131,12501.0,-18528.09784349913,9804.541420118341
0.25_0.6_0.01_8000.0,0.25,0.6,0.01,8000.0,False,365,28,162.0,14911.242603550294,31269.414720974877,7067.609467455622,38337.0241884305,-23425.781584880206,-20721.187914382208,380608.04999798856,296102.2727272727,57863.21377085667,220821.04267340273,165274.21631738736,5096.42925382487,8334.0,-3237.57074617513,7843.6331360946715
0.25_0.6_0.01_8000.0,0.25,0.6,0.01,8000.0,False,365,28,162.0,14911.242603550294,31269.414720974877,7067.609467455622,38337.0241884305,-23425.781584880206,-20721.187914382208,380608.04999798856,296102.2727272727,57863.21377085667,220821.04267340273,165274.21631738736,5096.42925382487,8334.0,-3237.57074617513,7843.6331360946715
0.25_0.6_0.01_8000.0,0.25,0.6,0.01,8000.0,False,365,42,162.0,14911.242603550294,31269.414720974877,7067.609467455622,38337.0241884305,-23425.781584880206,-20721.187914382208,380608.04999798856,296102.2727272727,57863.21377085667,220821.04267340273,165274.21631738736,5096.42925382487,12501.0,-7404.57074617513,7843.6331360946715
0.25_0.6_0.01_16000.0,0.25,0.6,0.01,16000.0,False,365,28,162.0,14911.242603550294,31269.414720974877,7067.609467455622,38337.0241884305,-23425.781584880206,-20721.187914382208,380608.04999798856,296102.2727272727,57863.21377085667,228821.04267340273,167754.21631738736,5142.143539539155,8334.0,-3191.8564604608446,7843.6331360946715
0.25_0.6_0.01_16000.0,0.25,0.6,0.01,16000.0,False,365,28,162.0,14911.242603550294,31269.414720974877,7067.609467455622,38337.0241884305,-23425.781584880206,-20721.187914382208,380608.04999798856,296102.2727272727,57863.21377085667,228821.04267340273,167754.21631738736,5142.143539539155,8334.0,-3191.8564604608446,7843.6331360946715
0.25_0.6_0.01_16000.0,0.25,0.6,0.01,16000.0,False,365,42,162.0,14911.242603550294,31269.414720974877,7067.609467455622,38337.0241884305,-23425.781584880206,-20721.187914382208,380608.04999798856,296102.2727272727,57863.21377085667,228821.04267340273,167754.21631738736,5142.143539539155,12501.0,-7358.856460460845,7843.6331360946715
0.25_0.6_0.01_30000.0,0.25,0.6,0.01,30000.0,False,365,28,162.0,14911.242603550294,31269.414720974877,7067.609467455622,38337.0241884305,-23425.781584880206,-20721.187914382208,380608.04999798856,296102.2727272727,57863.21377085667,242821.04267340273,172094.21631738736,5222.143539539155,8334.0,-3111.8564604608446,7843.6331360946715
0.25_0.6_0.01_30000.0,0.25,0.6,0.01,30000.0,False,365,28,162.0,14911.242603550294,31269.414720974877,7067.609467455622,38337.0241884305,-23425.781584880206,-20721.187914382208,380608.04999798856,296102.2727272727,57863.21377085667,242821.04267340273,172094.21631738736,5222.143539539155,8334.0,-3111.8564604608446,7843.6331360946715
0.25_0.6_0.01_30000.0,0.25,0.6,0.01,30000.0,False,365,42,162.0,14911.242603550294,31269.414720974877,7067.609467455622,38337.0241884305,-23425.781584880206,-20721.187914382208,380608.04999798856,296102.2727272727,57863.21377085667,242821.04267340273,172094.21631738736,5222.143539539155,12501.0,-7278.856460460845,7843.6331360946715
0.25_0.6_0.03_8000.0,0.25,0.6,0.03,8000.0,False,365,28,162.0,14911.242603550294,31269.414720974877,7067.609467455622,38337.0241884305,-23425.781584880206,-20721.187914382208,436605.2222258289,296102.2727272727,109940.5839427482,220821.04267340273,206040.63677980704,-727.3450979493708,8334.0,-9061.34509794937,7843.6331360946715
0.25_0.6_0.03_8000.0,0.25,0.6,0.03,8000.0,False,365,28,162.0,14911.242603550294,31269.414720974877,7067.609467455622,38337.0241884305,-23425.781584880206,-20721.187914382208,436605.2222258289,296102.2727272727,109940.5839427482,220821.04267340273,206040.63677980704,-727.3450979493708,8334.0,-9061.34509794937,7843.6331360946715
0.25_0.6_0.03_8000.0,0.25,0.6,0.03,8000.0,False,365,42,162.0,14911.242603550294,31269.414720974877,7067.609467455622,38337.0241884305,-23425.781584880206,-20721.187914382208,436605.2222258289,296102.2727272727,109940.5839427482,220821.04267340273,206040.63677980704,-727.3450979493708,12501.0,-13228.34509794937,7843.6331360946715
0.25_0.6_0.03_16000.0,0.25,0.6,0.03,16000.0,False,365,28,162.0,14911.242603550294,31269.414720974877,7067.609467455622,38337.0241884305,-23425.781584880206,-20721.187914382208,436605.2222258289,296102.2727272727,109940.5839427482,228821.04267340273,208120.63677980704,-624.4879550922279,8334.0,-8958.487955092229,7843.6331360946715
0.25_0.6_0.03_16000.0,0.25,0.6,0.03,16000.0,False,365,28,162.0,14911.242603550294,31269.414720974877,7067.609467455622,38337.0241884305,-23425.781584880206,-20721.187914382208,436605.2222258289,296102.2727272727,109940.5839427482,228821.04267340273,208120.63677980704,-624.4879550922279,8334.0,-8958.487955092229,7843.6331360946715
0.25_0.6_0.03_16000.0,0.25,0.6,0.03,16000.0,False,365,42,162.0,14911.242603550294,31269.414720974877,7067.609467455622,38337.0241884305,-23425.781584880206,-20721.187914382208,436605.2222258289,296102.2727272727,109940.5839427482,228821.04267340273,208120.63677980704,-624.4879550922279,12501.0,-13125.487955092229,7843.6331360946715
0.25_0.6_0.03_30000.0,0.25,0.6,0.03,30000.0,False,365,28,162.0,14911.242603550294,31269.414720974877,7067.609467455622,38337.0241884305,-23425.781584880206,-20721.187914382208,436605.2222258289,296102.2727272727,109940.5839427482,242821.04267340273,211760.63677980704,-444.48795509222793,8334.0,-8778.487955092229,7843.6331360946715
0.25_0.6_0.03_30000.0,0.25,0.6,0.03,30000.0,False,365,28,162.0,14911.242603550294,31269.414720974877,7067.609467455622,38337.0241884305,-23425.781584880206,-20721.187914382208,436605.2222258289,296102.2727272727,109940.5839427482,242821.04267340273,211760.63677980704,-444.48795509222793,8334.0,-8778.487955092229,7843.6331360946715
0.25_0.6_0.03_30000.0,0.25,0.6,0.03,30000.0,False,365,42,162.0,14911.242603550294,31269.414720974877,7067.609467455622,38337.0241884305,-23425.781584880206,-20721.187914382208,436605.2222258289,296102.2727272727,109940.5839427482,242821.04267340273,211760.63677980704,-444.48795509222793,12501.0,-12945.487955092229,7843.6331360946715
0.25_0.6_0.05_8000.0,0.25,0.6,0.05,8000.0,False,365,28,162.0,14911.242603550294,31269.414720974877,7067.609467455622,38337.0241884305,-23425.781584880206,-20721.187914382208,499520.6500429689,296102.2727272727,168451.93181268836,220821.04267340273,252849.71507575916,-7414.356283085387,8334.0,-15748.356283085388,7843.6331360946715
0.25_0.6_0.05_8000.0,0.25,0.6,0.05,8000.0,False,365,28,162.0,14911.242603550294,31269.414720974877,7067.609467455622,38337.0241884305,-23425.781584880206,-20721.187914382208,499520.6500429689,296102.2727272727,168451.93181268836,220821.04267340273,252849.71507575916,-7414.356283085387,8334.0,-15748.356283085388,7843.6331360946715
0.25_0.6_0.05_8000.0,0.25,0.6,0.05,8000.0,False,365,42,162.0,14911.242603550294,31269.414720974877,7067.609467455622,38337.0241884305,-23425.781584880206,-20721.187914382208,499520.6500429689,296102.2727272727,168451.93181268836,220821.04267340273,252849.71507575916,-7414.356283085387,12501.0,-19915.356283085388,7843.6331360946715
0.25_0.6_0.05_16000.0,0.25,0.6,0.05,16000.0,False,365,28,162.0,14911.242603550294,31269.414720974877,7067.609467455622,38337.0241884305,-23425.781584880206,-20721.187914382208,499520.6500429689,296102.2727272727,168451.93181268836,228821.04267340273,254929.71507575916,-7311.499140228245,8334.0,-15645.499140228245,7843.6331360946715
0.25_0.6_0.05_16000.0,0.25,0.6,0.05,16000.0,False,365,28,162.0,14911.242603550294,31269.414720974877,7067.609467455622,38337.0241884305,-23425.781584880206,-20721.187914382208,499520.6500429689,296102.2727272727,168451.93181268836,228821.04267340273,254929.71507575916,-7311.499140228245,8334.0,-15645.499140228245,7843.6331360946715
0.25_0.6_0.05_16000.0,0.25,0.6,0.05,16000.0,False,365,42,162.0,14911.242603550294,31269.414720974877,7067.609467455622,38337.0241884305,-23425.781584880206,-20721.187914382208,499520.6500429689,296102.2727272727,168451.93181268836,228821.04267340273,254929.71507575916,-7311.499140228245,12501.0,-19812.499140228247,7843.6331360946715
0.25_0.6_0.05_30000.0,0.25,0.6,0.05,30000.0,False,365,28,162.0,14911.242603550294,31269.414720974877,7067.609467455622,38337.0241884305,-23425.781584880206,-20721.187914382208,499520.6500429689,296102.2727272727,168451.93181268836,242821.04267340273,258569.71507575916,-7131.499140228245,8334.0,-15465.499140228245,7843.6331360946715
0.25_0.6_0.05_30000.0,0.25,0.6,0.05,30000.0,False,365,28,162.0,14911.242603550294,31269.414720974877,7067.609467455622,38337.0241884305,-23425.781584880206,-20721.187914382208,499520.6500429689,296102.2727272727,168451.93181268836,242821.04267340273,258569.71507575916,-7131.499140228245,8334.0,-15465.499140228245,7843.6331360946715
0.25_0.6_0.05_30000.0,0.25,0.6,0.05,30000.0,False,365,42,162.0,14911.242603550294,31269.414720974877,7067.609467455622,38337.0241884305,-23425.781584880206,-20721.187914382208,499520.6500429689,296102.2727272727,168451.93181268836,242821.04267340273,258569.71507575916,-7131.499140228245,12501.0,-19632.499140228247,7843.6331360946715
0.25_0.7_0.01_8000.0,0.25,0.7,0.01,8000.0,False,365,28,189.0,17396.44970414201,31269.414720974877,8245.544378698225,39514.9590996731,-22118.509395531088,-19413.91572503309,380608.04999798856,296102.2727272727,57863.21377085667,211670.1373479589,162437.43566649978,4194.411443173977,8334.0,-4139.588556826023,9150.90532544379
0.25_0.7_0.01_8000.0,0.25,0.7,0.01,8000.0,False,365,28,189.0,17396.44970414201,31269.414720974877,8245.544378698225,39514.9590996731,-22118.509395531088,-19413.91572503309,380608.04999798856,296102.2727272727,57863.21377085667,211670.1373479589,162437.43566649978,4194.411443173977,8334.0,-4139.588556826023,9150.90532544379
0.25_0.7_0.01_8000.0,0.25,0.7,0.01,8000.0,False,365,42,189.0,17396.44970414201,31269.414720974877,8245.544378698225,39514.9590996731,-22118.509395531088,-19413.91572503309,380608.04999798856,296102.2727272727,57863.21377085667,211670.1373479589,162437.43566649978,4194.411443173977,12501.0,-8306.588556826024,9150.90532544379
0.25_0.7_0.01_16000.0,0.25,0.7,0.01,16000.0,False,365,28,189.0,17396.44970414201,31269.414720974877,8245.544378698225,39514.9590996731,-22118.509395531088,-19413.91572503309,380608.04999798856,296102.2727272727,57863.21377085667,219670.1373479589,164917.43566649978,4240.1257288882625,8334.0,-4093.8742711117375,9150.90532544379
0.25_0.7_0.01_16000.0,0.25,0.7,0.01,16000.0,False,365,28,189.0,17396.44970414201,31269.414720974877,8245.544378698225,39514.9590996731,-22118.509395531088,-19413.91572503309,380608.04999798856,296102.2727272727,57863.21377085667,219670.1373479589,164917.43566649978,4240.1257288882625,8334.0,-4093.8742711117375,9150.90532544379
0.25_0.7_0.01_16000.0,0.25,0.7,0.01,16000.0,False,365,42,189.0,17396.44970414201,31269.414720974877,8245.544378698225,39514.9590996731,-22118.509395531088,-19413.91572503309,380608.04999798856,296102.2727272727,57863.21377085667,219670.1373479589,164917.43566649978,4240.1257288882625,12501.0,-8260.874271111737,9150.90532544379
0.25_0.7_0.01_30000.0,0.25,0.7,0.01,30000.0,False,365,28,189.0,17396.44970414201,31269.414720974877,8245.544378698225,39514.9590996731,-22118.509395531088,-19413.91572503309,380608.04999798856,296102.2727272727,57863.21377085667,233670.1373479589,169257.43566649978,4320.1257288882625,8334.0,-4013.8742711117375,9150.90532544379
0.25_0.7_0.01_30000.0,0.25,0.7,0.01,30000.0,False,365,28,189.0,17396.44970414201,31269.414720974877,8245.544378698225,39514.9590996731,-22118.509395531088,-19413.91572503309,380608.04999798856,296102.2727272727,57863.21377085667,233670.1373479589,169257.43566649978,4320.1257288882625,8334.0,-4013.8742711117375,9150.90532544379
0.25_0.7_0.01_30000.0,0.25,0.7,0.01,30000.0,False,365,42,189.0,17396.44970414201,31269.414720974877,8245.544378698225,39514.9590996731,-22118.509395531088,-19413.91572503309,380608.04999798856,296102.2727272727,57863.21377085667,233670.1373479589,169257.43566649978,4320.1257288882625,12501.0,-8180.8742711117375,9150.90532544379
0.25_0.7_0.03_8000.0,0.25,0.7,0.03,8000.0,False,365,28,189.0,17396.44970414201,31269.414720974877,8245.544378698225,39514.9590996731,-22118.509395531088,-19413.91572503309,436605.2222258289,296102.2727272727,109940.5839427482,211670.1373479589,203203.85612891946,-1629.362908600264,8334.0,-9963.362908600264,9150.90532544379
0.25_0.7_0.03_8000.0,0.25,0.7,0.03,8000.0,False,365,28,189.0,17396.44970414201,31269.414720974877,8245.544378698225,39514.9590996731,-22118.509395531088,-19413.91572503309,436605.2222258289,296102.2727272727,109940.5839427482,211670.1373479589,203203.85612891946,-1629.362908600264,8334.0,-9963.362908600264,9150.90532544379
0.25_0.7_0.03_8000.0,0.25,0.7,0.03,8000.0,False,365,42,189.0,17396.44970414201,31269.414720974877,8245.544378698225,39514.9590996731,-22118.509395531088,-19413.91572503309,436605.2222258289,296102.2727272727,109940.5839427482,211670.1373479589,203203.85612891946,-1629.362908600264,12501.0,-14130.362908600264,9150.90532544379
0.25_0.7_0.03_16000.0,0.25,0.7,0.03,16000.0,False,365,28,189.0,17396.44970414201,31269.414720974877,8245.544378698225,39514.9590996731,-22118.509395531088,-19413.91572503309,436605.2222258289,296102.2727272727,109940.5839427482,219670.1373479589,205283.85612891946,-1526.5057657431212,8334.0,-9860.50576574312,9150.90532544379
0.25_0.7_0.03_16000.0,0.25,0.7,0.03,16000.0,False,365,28,189.0,17396.44970414201,31269.414720974877,8245.544378698225,39514.9590996731,-22118.509395531088,-19413.91572503309,436605.2222258289,296102.2727272727,109940.5839427482,219670.1373479589,205283.85612891946,-1526.5057657431212,8334.0,-9860.50576574312,9150.90532544379
0.25_0.7_0.03_16000.0,0.25,0.7,0.03,16000.0,False,365,42,189.0,17396.44970414201,31269.414720974877,8245.544378698225,39514.9590996731,-22118.509395531088,-19413.91572503309,436605.2222258289,296102.2727272727,109940.5839427482,219670.1373479589,205283.85612891946,-1526.5057657431212,12501.0,-14027.50576574312,9150.90532544379
0.25_0.7_0.03_30000.0,0.25,0.7,0.03,30000.0,False,365,28,189.0,17396.44970414201,31269.414720974877,8245.544378698225,39514.9590996731,-22118.509395531088,-19413.91572503309,436605.2222258289,296102.2727272727,109940.5839427482,233670.1373479589,208923.85612891946,-1346.5057657431212,8334.0,-9680.50576574312,9150.90532544379
0.25_0.7_0.03_30000.0,0.25,0.7,0.03,30000.0,False,365,28,189.0,17396.44970414201,31269.414720974877,8245.544378698225,39514.9590996731,-22118.509395531088,-19413.91572503309,436605.2222258289,296102.2727272727,109940.5839427482,233670.1373479589,208923.85612891946,-1346.5057657431212,8334.0,-9680.50576574312,9150.90532544379
0.25_0.7_0.03_30000.0,0.25,0.7,0.03,30000.0,False,365,42,189.0,17396.44970414201,31269.414720974877,8245.544378698225,39514.9590996731,-22118.509395531088,-19413.91572503309,436605.2222258289,296102.2727272727,109940.5839427482,233670.1373479589,208923.85612891946,-1346.5057657431212,12501.0,-13847.50576574312,9150.90532544379
0.25_0.7_0.05_8000.0,0.25,0.7,0.05,8000.0,False,365,28,189.0,17396.44970414201,31269.414720974877,8245.544378698225,39514.9590996731,-22118.509395531088,-19413.91572503309,499520.6500429689,296102.2727272727,168451.93181268836,211670.1373479589,250012.93442487158,-8316.37409373628,8334.0,-16650.37409373628,9150.90532544379
0.25_0.7_0.05_8000.0,0.25,0.7,0.05,8000.0,False,365,28,189.0,17396.44970414201,31269.414720974877,8245.544378698225,39514.9590996731,-22118.509395531088,-19413.91572503309,499520.6500429689,296102.2727272727,168451.93181268836,211670.1373479589,250012.93442487158,-8316.37409373628,8334.0,-16650.37409373628,9150.90532544379
0.25_0.7_0.05_8000.0,0.25,0.7,0.05,8000.0,False,365,42,189.0,17396.44970414201,31269.414720974877,8245.544378698225,39514.9590996731,-22118.509395531088,-19413.91572503309,499520.6500429689,296102.2727272727,168451.93181268836,211670.1373479589,250012.93442487158,-8316.37409373628,12501.0,-20817.37409373628,9150.90532544379
0.25_0.7_0.05_16000.0,0.25,0.7,0.05,16000.0,False,365,28,189.0,17396.44970414201,31269.414720974877,8245.544378698225,39514.9590996731,-22118.509395531088,-19413.91572503309,499520.6500429689,296102.2727272727,168451.93181268836,219670.1373479589,252092.93442487158,-8213.516950879139,8334.0,-16547.516950879137,9150.90532544379
0.25_0.7_0.05_16000.0,0.25,0.7,0.05,16000.0,False,365,28,189.0,17396.44970414201,31269.414720974877,8245.544378698225,39514.9590996731,-22118.509395531088,-19413.91572503309,499520.6500429689,296102.2727272727,168451.93181268836,219670.1373479589,252092.93442487158,-8213.516950879139,8334.0,-16547.516950879137,9150.90532544379
0.25_0.7_0.05_16000.0,0.25,0.7,0.05,16000.0,False,365,42,189.0,17396.44970414201,31269.414720974877,8245.544378698225,39514.9590996731,-22118.509395531088,-19413.91572503309,499520.6500429689,296102.2727272727,168451.93181268836,219670.1373479589,252092.93442487158,-8213.516950879139,12501.0,-20714.516950879137,9150.90532544379
0.25_0.7_0.05_30000.0,0.25,0.7,0.05,30000.0,False,365,28,189.0,17396.44970414201,31269.414720974877,8245.544378698225,39514.9590996731,-22118.509395531088,-19413.91572503309,499520.6500429689,296102.2727272727,168451.93181268836,233670.1373479589,255732.93442487158,-8033.516950879138,8334.0,-16367.516950879137,9150.90532544379
0.25_0.7_0.05_30000.0,0.25,0.7,0.05,30000.0,False,365,28,189.0,17396.44970414201,31269.414720974877,8245.544378698225,39514.9590996731,-22118.509395531088,-19413.91572503309,499520.6500429689,296102.2727272727,168451.93181268836,233670.1373479589,255732.93442487158,-8033.516950879138,8334.0,-16367.516950879137,9150.90532544379
0.25_0.7_0.05_30000.0,0.25,0.7,0.05,30000.0,False,365,42,189.0,17396.44970414201,31269.414720974877,8245.544378698225,39514.9590996731,-22118.509395531088,-19413.91572503309,499520.6500429689,296102.2727272727,168451.93181268836,233670.1373479589,255732.93442487158,-8033.516950879138,12501.0,-20534.516950879137,9150.90532544379
0.25_0.75_0.01_8000.0,0.25,0.75,0.01,8000.0,False,365,28,202.5,18639.05325443787,31269.414720974877,8834.511834319526,40103.926555294405,-21464.873300856536,-18760.27963035854,380608.04999798856,296102.2727272727,57863.21377085667,207094.68468523704,161019.045341056,3743.4025378485385,8334.0,-4590.5974621514615,9804.541420118341
0.25_0.75_0.01_8000.0,0.25,0.75,0.01,8000.0,False,365,28,202.5,18639.05325443787,31269.414720974877,8834.511834319526,40103.926555294405,-21464.873300856536,-18760.27963035854,380608.04999798856,296102.2727272727,57863.21377085667,207094.68468523704,161019.045341056,3743.4025378485385,8334.0,-4590.5974621514615,9804.541420118341
0.25_0.75_0.01_8000.0,0.25,0.75,0.01,8000.0,False,365,42,202.5,18639.05325443787,31269.414720974877,8834.511834319526,40103.926555294405,-21464.873300856536,-18760.27963035854,380608.04999798856,296102.2727272727,57863.21377085667,207094.68468523704,161019.045341056,3743.4025378485385,12501.0,-8757.597462151462,9804.541420118341
0.25_0.75_0.01_16000.0,0.25,0.75,0.01,16000.0,False,365,28,202.5,18639.05325443787,31269.414720974877,8834.511834319526,40103.926555294405,-21464.873300856536,-18760.27963035854,380608.04999798856,296102.2727272727,57863.21377085667,215094.68468523707,163499.045341056,3789.1168235628243,8334.0,-4544.883176437175,9804.541420118341
0.25_0.75_0.01_16000.0,0.25,0.75,0.01,16000.0,False,365,28,202.5,18639.05325443787,31269.414720974877,8834.511834319526,40103.926555294405,-21464.873300856536,-18760.27963035854,380608.04999798856,296102.2727272727,57863.21377085667,215094.68468523707,163499.045341056,3789.1168235628243,8334.0,-4544.883176437175,9804.541420118341
0.25_0.75_0.01_16000.0,0.25,0.75,0.01,16000.0,False,365,42,202.5,18639.05325443787,31269.414720974877,8834.511834319526,40103.926555294405,-21464.873300856536,-18760.27963035854,380608.04999798856,296102.2727272727,57863.21377085667,215094.68468523707,163499.045341056,3789.1168235628243,12501.0,-8711.883176437175,9804.541420118341
0.25_0.75_0.01_30000.0,0.25,0.75,0.01,30000.0,False,365,28,202.5,18639.05325443787,31269.414720974877,8834.511834319526,40103.926555294405,-21464.873300856536,-18760.27963035854,380608.04999798856,296102.2727272727,57863.21377085667,229094.68468523707,167839.045341056,3869.1168235628243,8334.0,-4464.883176437175,9804.541420118341
0.25_0.75_0.01_30000.0,0.25,0.75,0.01,30000.0,False,365,28,202.5,18639.05325443787,31269.414720974877,8834.511834319526,40103.926555294405,-21464.873300856536,-18760.27963035854,380608.04999798856,296102.2727272727,57863.21377085667,229094.68468523707,167839.045341056,3869.1168235628243,8334.0,-4464.883176437175,9804.541420118341
0.25_0.75_0.01_30000.0,0.25,0.75,0.01,30000.0,False,365,42,202.5,18639.05325443787,31269.414720974877,8834.511834319526,40103.926555294405,-21464.873300856536,-18760.27963035854,380608.04999798856,296102.2727272727,57863.21377085667,229094.68468523707,167839.045341056,3869.1168235628243,12501.0,-8631.883176437175,9804.541420118341
0.25_0.75_0.03_8000.0,0.25,0.75,0.03,8000.0,False,365,28,202.5,18639.05325443787,31269.414720974877,8834.511834319526,40103.926555294405,-21464.873300856536,-18760.27963035854,436605.2222258289,296102.2727272727,109940.5839427482,207094.68468523704,201785.46580347567,-2080.3718139257026,8334.0,-10414.371813925703,9804.541420118341
0.25_0.75_0.03_8000.0,0.25,0.75,0.03,8000.0,False,365,28,202.5,18639.05325443787,31269.414720974877,8834.511834319526,40103.926555294405,-21464.873300856536,-18760.27963035854,436605.2222258289,296102.2727272727,109940.5839427482,207094.68468523704,201785.46580347567,-2080.3718139257026,8334.0,-10414.371813925703,9804.541420118341
0.25_0.75_0.03_8000.0,0.25,0.75,0.03,8000.0,False,365,42,202.5,18639.05325443787,31269.414720974877,8834.511834319526,40103.926555294405,-21464.873300856536,-18760.27963035854,436605.2222258289,296102.2727272727,109940.5839427482,207094.68468523704,201785.46580347567,-2080.3718139257026,12501.0,-14581.371813925703,9804.541420118341
0.25_0.75_0.03_16000.0,0.25,0.75,0.03,16000.0,False,365,28,202.5,18639.05325443787,31269.414720974877,8834.511834319526,40103.926555294405,-21464.873300856536,-18760.27963035854,436605.2222258289,296102.2727272727,109940.5839427482,215094.68468523707,203865.46580347567,-1977.5146710685597,8334.0,-10311.51467106856,9804.541420118341
0.25_0.75_0.03_16000.0,0.25,0.75,0.03,16000.0,False,365,28,202.5,18639.05325443787,31269.414720974877,8834.511834319526,40103.926555294405,-21464.873300856536,-18760.27963035854,436605.2222258289,296102.2727272727,109940.5839427482,215094.68468523707,203865.46580347567,-1977.5146710685597,8334.0,-10311.51467106856,9804.541420118341
0.25_0.75_0.03_16000.0,0.25,0.75,0.03,16000.0,False,365,42,202.5,18639.05325443787,31269.414720974877,8834.511834319526,40103.926555294405,-21464.873300856536,-18760.27963035854,436605.2222258289,296102.2727272727,109940.5839427482,215094.68468523707,203865.46580347567,-1977.5146710685597,12501.0,-14478.51467106856,9804.541420118341
0.25_0.75_0.03_30000.0,0.25,0.75,0.03,30000.0,False,365,28,202.5,18639.05325443787,31269.414720974877,8834.511834319526,40103.926555294405,-21464.873300856536,-18760.27963035854,436605.2222258289,296102.2727272727,109940.5839427482,229094.68468523707,207505.46580347567,-1797.5146710685597,8334.0,-10131.51467106856,9804.541420118341
0.25_0.75_0.03_30000.0,0.25,0.75,0.03,30000.0,False,365,28,202.5,18639.05325443787,31269.414720974877,8834.511834319526,40103.926555294405,-21464.873300856536,-18760.27963035854,436605.2222258289,296102.2727272727,109940.5839427482,229094.68468523707,207505.46580347567,-1797.5146710685597,8334.0,-10131.51467106856,9804.541420118341
0.25_0.75_0.03_30000.0,0.25,0.75,0.03,30000.0,False,365,42,202.5,18639.05325443787,31269.414720974877,8834.511834319526,40103.926555294405,-21464.873300856536,-18760.27963035854,436605.2222258289,296102.2727272727,109940.5839427482,229094.68468523707,207505.46580347567,-1797.5146710685597,12501.0,-14298.51467106856,9804.541420118341
0.25_0.75_0.05_8000.0,0.25,0.75,0.05,8000.0,False,365,28,202.5,18639.05325443787,31269.414720974877,8834.511834319526,40103.926555294405,-21464.873300856536,-18760.27963035854,499520.6500429689,296102.2727272727,168451.93181268836,207094.68468523704,248594.5440994278,-8767.38299906172,8334.0,-17101.38299906172,9804.541420118341
0.25_0.75_0.05_8000.0,0.25,0.75,0.05,8000.0,False,365,28,202.5,18639.05325443787,31269.414720974877,8834.511834319526,40103.926555294405,-21464.873300856536,-18760.27963035854,499520.6500429689,296102.2727272727,168451.93181268836,207094.68468523704,248594.5440994278,-8767.38299906172,8334.0,-17101.38299906172,9804.541420118341
0.25_0.75_0.05_8000.0,0.25,0.75,0.05,8000.0,False,365,42,202.5,18639.05325443787,31269.414720974877,8834.511834319526,40103.926555294405,-21464.873300856536,-18760.27963035854,499520.6500429689,296102.2727272727,168451.93181268836,207094.68468523704,248594.5440994278,-8767.38299906172,12501.0,-21268.38299906172,9804.541420118341
0.25_0.75_0.05_16000.0,0.25,0.75,0.05,16000.0,False,365,28,202.5,18639.05325443787,31269.414720974877,8834.511834319526,40103.926555294405,-21464.873300856536,-18760.27963035854,499520.6500429689,296102.2727272727,168451.93181268836,215094.68468523707,250674.54409942782,-8664.52585620458,8334.0,-16998.52585620458,9804.541420118341
0.25_0.75_0.05_16000.0,0.25,0.75,0.05,16000.0,False,365,28,202.5,18639.05325443787,31269.414720974877,8834.511834319526,40103.926555294405,-21464.873300856536,-18760.27963035854,499520.6500429689,296102.2727272727,168451.93181268836,215094.68468523707,250674.54409942782,-8664.52585620458,8334.0,-16998.52585620458,9804.541420118341
0.25_0.75_0.05_16000.0,0.25,0.75,0.05,16000.0,False,365,42,202.5,18639.05325443787,31269.414720974877,8834.511834319526,40103.926555294405,-21464.873300856536,-18760.27963035854,499520.6500429689,296102.2727272727,168451.93181268836,215094.68468523707,250674.54409942782,-8664.52585620458,12501.0,-21165.52585620458,9804.541420118341
0.25_0.75_0.05_30000.0,0.25,0.75,0.05,30000.0,False,365,28,202.5,18639.05325443787,31269.414720974877,8834.511834319526,40103.926555294405,-21464.873300856536,-18760.27963035854,499520.6500429689,296102.2727272727,168451.93181268836,229094.68468523707,254314.54409942782,-8484.52585620458,8334.0,-16818.52585620458,9804.541420118341
0.25_0.75_0.05_30000.0,0.25,0.75,0.05,30000.0,False,365,28,202.5,18639.05325443787,31269.414720974877,8834.511834319526,40103.926555294405,-21464.873300856536,-18760.27963035854,499520.6500429689,296102.2727272727,168451.93181268836,229094.68468523707,254314.54409942782,-8484.52585620458,8334.0,-16818.52585620458,9804.541420118341
0.25_0.75_0.05_30000.0,0.25,0.75,0.05,30000.0,False,365,42,202.5,18639.05325443787,31269.414720974877,8834.511834319526,40103.926555294405,-21464.873300856536,-18760.27963035854,499520.6500429689,296102.2727272727,168451.93181268836,229094.68468523707,254314.54409942782,-8484.52585620458,12501.0,-20985.52585620458,9804.541420118341
