key,weeks,appreciation,occupancy,furnish,rent_alternative,is_empty,net_cash_flow,avg_annual_econ_cost,econ_premium,net_sale_proceeds,gross_revenue,fixed_costs,variable_costs,tax_recapture,tax_ltcg,tax_saved_pal,sale_price
2_weeks_0.01_0.6_8000.0,2,0.01,0.6,8000.0,5000.0,False,-21039.074825180214,17701.889358744542,12701.889358744542,141991.5482650497,19286.84210526316,31686.509035706535,8639.407894736842,14465.803442714168,0.0,61350.5211742027,380608.04999798856
2_weeks_0.01_0.6_16000.0,2,0.01,0.6,16000.0,5000.0,False,-21039.074825180214,18890.46078731597,13890.46078731597,144471.5482650497,19286.84210526316,31686.509035706535,8639.407894736842,14465.803442714168,0.0,63830.5211742027,380608.04999798856
2_weeks_0.01_0.6_30000.0,2,0.01,0.6,30000.0,5000.0,False,-21039.074825180214,20970.46078731597,15970.46078731597,148811.5482650497,19286.84210526316,31686.509035706535,8639.407894736842,14465.803442714168,0.0,68170.5211742027,380608.04999798856
2_weeks_0.03_0.6_8000.0,2,0.03,0.6,8000.0,5000.0,False,-21039.074825180214,11878.1150069703,6878.1150069703,182757.9687274694,19286.84210526316,31686.509035706535,8639.407894736842,18943.18181818182,6833.571334004184,61350.5211742027,436605.2222258289
2_weeks_0.03_0.6_16000.0,2,0.03,0.6,16000.0,5000.0,False,-21039.074825180214,13123.829292684586,8123.829292684586,184837.9687274694,19286.84210526316,31686.509035706535,8639.407894736842,20943.18181818182,5233.571334004184,63830.5211742027,436605.2222258289
2_weeks_0.03_0.6_30000.0,2,0.03,0.6,30000.0,5000.0,False,-21039.074825180214,15303.829292684586,10303.829292684586,188477.9687274694,19286.84210526316,31686.509035706535,8639.407894736842,24443.18181818182,2433.571334004184,68170.5211742027,436605.2222258289
2_weeks_0.05_0.6_8000.0,2,0.05,0.6,8000.0,5000.0,False,-21039.074825180214,5191.103821834283,191.10382183428283,229567.0470234215,19286.84210526316,31686.509035706535,8639.407894736842,18943.18181818182,18535.840907992217,61350.5211742027,499520.6500429689
2_weeks_0.05_0.6_16000.0,2,0.05,0.6,16000.0,5000.0,False,-21039.074825180214,6436.818107548569,1436.818107548569,231647.0470234215,19286.84210526316,31686.509035706535,8639.407894736842,20943.18181818182,16935.840907992217,63830.5211742027,499520.6500429689
2_weeks_0.05_0.6_30000.0,2,0.05,0.6,30000.0,5000.0,False,-21039.074825180214,8616.818107548568,3616.818107548568,235287.0470234215,19286.84210526316,31686.509035706535,8639.407894736842,24443.18181818182,14135.840907992217,68170.5211742027,499520.6500429689
2_weeks_0.01_0.7_8000.0,2,0.01,0.7,8000.0,5000.0,False,-18754.502456759164,16125.534424534022,11125.534424534022,137034.026225576,22501.315789473683,31686.509035706535,9569.309210526315,14465.803442714168,0.0,56392.999134729034,380608.04999798856
2_weeks_0.01_0.7_16000.0,2,0.01,0.7,16000.0,5000.0,False,-18754.502456759164,17314.10585310545,12314.105853105451,139514.026225576,22501.315789473683,31686.509035706535,9569.309210526315,14465.803442714168,0.0,58872.999134729034,380608.04999798856
2_weeks_0.01_0.7_30000.0,2,0.01,0.7,30000.0,5000.0,False,-18754.502456759164,19394.10585310545,14394.105853105451,143854.026225576,22501.315789473683,31686.509035706535,9569.309210526315,14465.803442714168,0.0,63212.999134729034,380608.04999798856
2_weeks_0.03_0.7_8000.0,2,0.03,0.7,8000.0,5000.0,False,-18754.502456759164,10301.760072759776,5301.760072759776,177800.44668799572,22501.315789473683,31686.509035706535,9569.309210526315,18943.18181818182,6833.571334004184,56392.999134729034,436605.2222258289
2_weeks_0.03_0.7_16000.0,2,0.03,0.7,16000.0,5000.0,False,-18754.502456759164,11547.474358474063,6547.474358474063,179880.44668799572,22501.315789473683,31686.509035706535,9569.309210526315,20943.18181818182,5233.571334004184,58872.999134729034,436605.2222258289
2_weeks_0.03_0.7_30000.0,2,0.03,0.7,30000.0,5000.0,False,-18754.502456759164,13727.474358474066,8727.474358474066,183520.4466879957,22501.315789473683,31686.509035706535,9569.309210526315,24443.18181818182,2433.571334004184,63212.999134729034,436605.2222258289
2_weeks_0.05_0.7_8000.0,2,0.05,0.7,8000.0,5000.0,False,-18754.502456759164,3614.74888762376,-1385.2511123762401,224609.52498394783,22501.315789473683,31686.509035706535,9569.309210526315,18943.18181818182,18535.840907992217,56392.999134729034,499520.6500429689
2_weeks_0.05_0.7_16000.0,2,0.05,0.7,16000.0,5000.0,False,-18754.502456759164,4860.463173338046,-139.53682666195436,226689.52498394783,22501.315789473683,31686.509035706535,9569.309210526315,20943.18181818182,16935.840907992217,58872.999134729034,499520.6500429689
2_weeks_0.05_0.7_30000.0,2,0.05,0.7,30000.0,5000.0,False,-18754.502456759164,7040.463173338046,2040.4631733380456,230329.52498394783,22501.315789473683,31686.509035706535,9569.309210526315,24443.18181818182,14135.840907992217,63212.999134729034,499520.6500429689
2_weeks_0.01_0.75_8000.0,2,0.01,0.75,8000.0,5000.0,False,-17612.216272548638,15337.35695742876,10337.35695742876,134555.26520583915,24108.55263157895,31686.509035706535,10034.259868421053,14465.803442714168,0.0,53914.23811499218,380608.04999798856
2_weeks_0.01_0.75_16000.0,2,0.01,0.75,16000.0,5000.0,False,-17612.216272548638,16525.928386000185,11525.928386000185,137035.26520583918,24108.55263157895,31686.509035706535,10034.259868421053,14465.803442714168,0.0,56394.238114992186,380608.04999798856
2_weeks_0.01_0.75_30000.0,2,0.01,0.75,30000.0,5000.0,False,-17612.216272548638,18605.928386000185,13605.928386000185,141375.26520583918,24108.55263157895,31686.509035706535,10034.259868421053,14465.803442714168,0.0,60734.238114992186,380608.04999798856
2_weeks_0.03_0.75_8000.0,2,0.03,0.75,8000.0,5000.0,False,-17612.216272548638,9513.58260565452,4513.582605654519,175321.68566825884,24108.55263157895,31686.509035706535,10034.259868421053,18943.18181818182,6833.571334004184,53914.23811499218,436605.2222258289
2_weeks_0.03_0.75_16000.0,2,0.03,0.75,16000.0,5000.0,False,-17612.216272548638,10759.2968913688,5759.2968913688,177401.68566825887,24108.55263157895,31686.509035706535,10034.259868421053,20943.18181818182,5233.571334004184,56394.238114992186,436605.2222258289
2_weeks_0.03_0.75_30000.0,2,0.03,0.75,30000.0,5000.0,False,-17612.216272548638,12939.2968913688,7939.2968913688,181041.68566825887,24108.55263157895,31686.509035706535,10034.259868421053,24443.18181818182,2433.571334004184,60734.238114992186,436605.2222258289
2_weeks_0.05_0.75_8000.0,2,0.05,0.75,8000.0,5000.0,False,-17612.216272548638,2826.5714205184986,-2173.4285794815014,222130.763964211,24108.55263157895,31686.509035706535,10034.259868421053,18943.18181818182,18535.840907992217,53914.23811499218,499520.6500429689
2_weeks_0.05_0.75_16000.0,2,0.05,0.75,16000.0,5000.0,False,-17612.216272548638,4072.2857062327844,-927.7142937672156,224210.763964211,24108.55263157895,31686.509035706535,10034.259868421053,20943.18181818182,16935.840907992217,56394.238114992186,499520.6500429689
2_weeks_0.05_0.75_30000.0,2,0.05,0.75,30000.0,5000.0,False,-17612.216272548638,6252.285706232784,1252.285706232784,227850.763964211,24108.55263157895,31686.509035706535,10034.259868421053,24443.18181818182,14135.840907992217,60734.238114992186,499520.6500429689
4_weeks_0.01_0.6_8000.0,4,0.01,0.6,8000.0,10000.0,False,-21588.94324623285,18081.298569270868,8081.298569270868,143184.7627387339,18513.157894736843,31686.509035706535,8415.592105263158,14465.803442714168,0.0,62543.73564788692,380608.04999798856
4_weeks_0.01_0.6_16000.0,4,0.01,0.6,16000.0,10000.0,False,-21588.94324623285,19269.869997842296,9269.869997842296,145664.7627387339,18513.157894736843,31686.509035706535,8415.592105263158,14465.803442714168,0.0,65023.735647886926,380608.04999798856
4_weeks_0.01_0.6_30000.0,4,0.01,0.6,30000.0,10000.0,False,-21588.94324623285,21349.869997842296,11349.869997842296,150004.7627387339,18513.157894736843,31686.509035706535,8415.592105263158,14465.803442714168,0.0,69363.73564788693,380608.04999798856
4_weeks_0.03_0.6_8000.0,4,0.03,0.6,8000.0,10000.0,False,-21588.94324623285,12257.524217496626,2257.524217496626,183951.1832011536,18513.157894736843,31686.509035706535,8415.592105263158,18943.18181818182,6833.571334004184,62543.73564788692,436605.2222258289
4_weeks_0.03_0.6_16000.0,4,0.03,0.6,16000.0,10000.0,False,-21588.94324623285,13503.238503210912,3503.2385032109123,186031.1832011536,18513.157894736843,31686.509035706535,8415.592105263158,20943.18181818182,5233.571334004184,65023.735647886926,436605.2222258289
4_weeks_0.03_0.6_30000.0,4,0.03,0.6,30000.0,10000.0,False,-21588.94324623285,15683.238503210912,5683.238503210912,189671.1832011536,18513.157894736843,31686.509035706535,8415.592105263158,24443.18181818182,2433.571334004184,69363.73564788693,436605.2222258289
4_weeks_0.05_0.6_8000.0,4,0.05,0.6,8000.0,10000.0,False,-21588.94324623285,5570.513032360609,-4429.486967639391,230760.2614971057,18513.157894736843,31686.509035706535,8415.592105263158,18943.18181818182,18535.840907992217,62543.73564788692,499520.6500429689
4_weeks_0.05_0.6_16000.0,4,0.05,0.6,16000.0,10000.0,False,-21588.94324623285,6816.227318074891,-3183.7726819251093,232840.26149710573,18513.157894736843,31686.509035706535,8415.592105263158,20943.18181818182,16935.840907992217,65023.735647886926,499520.6500429689
4_weeks_0.05_0.6_30000.0,4,0.05,0.6,30000.0,10000.0,False,-21588.94324623285,8996.22731807489,-1003.7726819251093,236480.26149710573,18513.157894736843,31686.509035706535,8415.592105263158,24443.18181818182,14135.840907992217,69363.73564788693,499520.6500429689
4_weeks_0.01_0.7_8000.0,4,0.01,0.7,8000.0,10000.0,False,-19396.015614653905,16568.178503481387,6568.178503481387,138426.1097782076,21598.684210526317,31686.509035706535,9308.190789473685,14465.803442714168,0.0,57785.08268736062,380608.04999798856
4_weeks_0.01_0.7_16000.0,4,0.01,0.7,16000.0,10000.0,False,-19396.015614653905,17756.74993205282,7756.749932052819,140906.1097782076,21598.684210526317,31686.509035706535,9308.190789473685,14465.803442714168,0.0,60265.08268736063,380608.04999798856
4_weeks_0.01_0.7_30000.0,4,0.01,0.7,30000.0,10000.0,False,-19396.015614653905,19836.74993205282,9836.749932052819,145246.1097782076,21598.684210526317,31686.509035706535,9308.190789473685,14465.803442714168,0.0,64605.08268736063,380608.04999798856
4_weeks_0.03_0.7_8000.0,4,0.03,0.7,8000.0,10000.0,False,-19396.015614653905,10744.404151707147,744.4041517071473,179192.5302406273,21598.684210526317,31686.509035706535,9308.190789473685,18943.18181818182,6833.571334004184,57785.08268736062,436605.2222258289
4_weeks_0.03_0.7_16000.0,4,0.03,0.7,16000.0,10000.0,False,-19396.015614653905,11990.118437421434,1990.1184374214336,181272.5302406273,21598.684210526317,31686.509035706535,9308.190789473685,20943.18181818182,5233.571334004184,60265.08268736063,436605.2222258289
4_weeks_0.03_0.7_30000.0,4,0.03,0.7,30000.0,10000.0,False,-19396.015614653905,14170.118437421434,4170.118437421434,184912.5302406273,21598.684210526317,31686.509035706535,9308.190789473685,24443.18181818182,2433.571334004184,64605.08268736063,436605.2222258289
4_weeks_0.05_0.7_8000.0,4,0.05,0.7,8000.0,10000.0,False,-19396.015614653905,4057.3929665711307,-5942.607033428869,226001.6085365794,21598.684210526317,31686.509035706535,9308.190789473685,18943.18181818182,18535.840907992217,57785.08268736062,499520.6500429689
4_weeks_0.05_0.7_16000.0,4,0.05,0.7,16000.0,10000.0,False,-19396.015614653905,5303.1072522854165,-4696.8927477145835,228081.6085365794,21598.684210526317,31686.509035706535,9308.190789473685,20943.18181818182,16935.840907992217,60265.08268736063,499520.6500429689
4_weeks_0.05_0.7_30000.0,4,0.05,0.7,30000.0,10000.0,False,-19396.015614653905,7483.1072522854165,-2516.8927477145835,231721.6085365794,21598.684210526317,31686.509035706535,9308.190789473685,24443.18181818182,14135.840907992217,64605.08268736063,499520.6500429689
4_weeks_0.01_0.75_8000.0,4,0.01,0.75,8000.0,10000.0,False,-18299.55179886443,15811.618470586658,5811.618470586658,136046.78329794444,23141.44736842105,31686.509035706535,9754.490131578947,14465.803442714168,0.0,55405.75620709745,380608.04999798856
4_weeks_0.01_0.75_16000.0,4,0.01,0.75,16000.0,10000.0,False,-18299.55179886443,17000.189899158086,7000.189899158086,138526.78329794444,23141.44736842105,31686.509035706535,9754.490131578947,14465.803442714168,0.0,57885.75620709745,380608.04999798856
4_weeks_0.01_0.75_30000.0,4,0.01,0.75,30000.0,10000.0,False,-18299.55179886443,19080.189899158086,9080.189899158086,142866.78329794444,23141.44736842105,31686.509035706535,9754.490131578947,14465.803442714168,0.0,62225.75620709745,380608.04999798856
4_weeks_0.03_0.75_8000.0,4,0.03,0.75,8000.0,10000.0,False,-18299.55179886443,9987.844118812416,-12.155881187583873,176813.20376036412,23141.44736842105,31686.509035706535,9754.490131578947,18943.18181818182,6833.571334004184,55405.75620709745,436605.2222258289
4_weeks_0.03_0.75_16000.0,4,0.03,0.75,16000.0,10000.0,False,-18299.55179886443,11233.558404526702,1233.5584045267024,178893.20376036412,23141.44736842105,31686.509035706535,9754.490131578947,20943.18181818182,5233.571334004184,57885.75620709745,436605.2222258289
4_weeks_0.03_0.75_30000.0,4,0.03,0.75,30000.0,10000.0,False,-18299.55179886443,13413.558404526702,3413.5584045267024,182533.20376036412,23141.44736842105,31686.509035706535,9754.490131578947,24443.18181818182,2433.571334004184,62225.75620709745,436605.2222258289
4_weeks_0.05_0.75_8000.0,4,0.05,0.75,8000.0,10000.0,False,-18299.55179886443,3300.832933676396,-6699.167066323604,223622.28205631627,23141.44736842105,31686.509035706535,9754.490131578947,18943.18181818182,18535.840907992217,55405.75620709745,499520.6500429689
4_weeks_0.05_0.75_16000.0,4,0.05,0.75,16000.0,10000.0,False,-18299.55179886443,4546.547219390682,-5453.452780609318,225702.28205631627,23141.44736842105,31686.509035706535,9754.490131578947,20943.18181818182,16935.840907992217,57885.75620709745,499520.6500429689
4_weeks_0.05_0.75_30000.0,4,0.05,0.75,30000.0,10000.0,False,-18299.55179886443,6726.547219390682,-3273.4527806093183,229342.28205631627,23141.44736842105,31686.509035706535,9754.490131578947,24443.18181818182,14135.840907992217,62225.75620709745,499520.6500429689
6_weeks_0.01_0.6_8000.0,6,0.01,0.6,8000.0,15000.0,False,-22138.81166728548,18460.707779797176,3460.707779797176,144377.97721241813,17739.473684210527,31686.509035706535,8191.776315789473,14465.803442714168,0.0,63736.95012157114,380608.04999798856
6_weeks_0.01_0.6_16000.0,6,0.01,0.6,16000.0,15000.0,False,-22138.81166728548,19649.27920836861,4649.279208368611,146857.9772124181,17739.473684210527,31686.509035706535,8191.776315789473,14465.803442714168,0.0,66216.95012157114,380608.04999798856
6_weeks_0.01_0.6_30000.0,6,0.01,0.6,30000.0,15000.0,False,-22138.81166728548,21729.279208368604,6729.279208368604,151197.9772124181,17739.473684210527,31686.509035706535,8191.776315789473,14465.803442714168,0.0,70556.95012157114,380608.04999798856
6_weeks_0.03_0.6_8000.0,6,0.03,0.6,8000.0,15000.0,False,-22138.81166728548,12636.933428022936,-2363.066571977064,185144.39767483782,17739.473684210527,31686.509035706535,8191.776315789473,18943.18181818182,6833.571334004184,63736.95012157114,436605.2222258289
6_weeks_0.03_0.6_16000.0,6,0.03,0.6,16000.0,15000.0,False,-22138.81166728548,13882.647713737226,-1117.3522862627742,187224.3976748378,17739.473684210527,31686.509035706535,8191.776315789473,20943.18181818182,5233.571334004184,66216.95012157114,436605.2222258289
6_weeks_0.03_0.6_30000.0,6,0.03,0.6,30000.0,15000.0,False,-22138.81166728548,16062.647713737222,1062.6477137372221,190864.3976748378,17739.473684210527,31686.509035706535,8191.776315789473,24443.18181818182,2433.571334004184,70556.95012157114,436605.2222258289
6_weeks_0.05_0.6_8000.0,6,0.05,0.6,8000.0,15000.0,False,-22138.81166728548,5949.922242886919,-9050.077757113082,231953.47597078994,17739.473684210527,31686.509035706535,8191.776315789473,18943.18181818182,18535.840907992217,63736.95012157114,499520.6500429689
6_weeks_0.05_0.6_16000.0,6,0.05,0.6,16000.0,15000.0,False,-22138.81166728548,7195.636528601205,-7804.363471398795,234033.47597078994,17739.473684210527,31686.509035706535,8191.776315789473,20943.18181818182,16935.840907992217,66216.95012157114,499520.6500429689
6_weeks_0.05_0.6_30000.0,6,0.05,0.6,30000.0,15000.0,False,-22138.81166728548,9375.6365286012,-5624.363471398799,237673.47597078994,17739.473684210527,31686.509035706535,8191.776315789473,24443.18181818182,14135.840907992217,70556.95012157114,499520.6500429689
6_weeks_0.01_0.7_8000.0,6,0.01,0.7,8000.0,15000.0,False,-20037.52877254864,17010.82258242876,2010.8225824287583,139818.19333083916,20696.052631578947,31686.509035706535,9047.072368421052,14465.803442714168,0.0,59177.166239992184,380608.04999798856
6_weeks_0.01_0.7_16000.0,6,0.01,0.7,16000.0,15000.0,False,-20037.52877254864,18199.39401100019,3199.3940110001895,142298.19333083916,20696.052631578947,31686.509035706535,9047.072368421052,14465.803442714168,0.0,61657.166239992184,380608.04999798856
6_weeks_0.01_0.7_30000.0,6,0.01,0.7,30000.0,15000.0,False,-20037.52877254864,20279.39401100019,5279.3940110001895,146638.19333083916,20696.052631578947,31686.509035706535,9047.072368421052,14465.803442714168,0.0,65997.16623999219,380608.04999798856
6_weeks_0.03_0.7_8000.0,6,0.03,0.7,8000.0,15000.0,False,-20037.52877254864,11187.048230654518,-3812.951769345482,180584.61379325885,20696.052631578947,31686.509035706535,9047.072368421052,18943.18181818182,6833.571334004184,59177.166239992184,436605.2222258289
6_weeks_0.03_0.7_16000.0,6,0.03,0.7,16000.0,15000.0,False,-20037.52877254864,12432.762516368804,-2567.2374836311956,182664.61379325885,20696.052631578947,31686.509035706535,9047.072368421052,20943.18181818182,5233.571334004184,61657.166239992184,436605.2222258289
6_weeks_0.03_0.7_30000.0,6,0.03,0.7,30000.0,15000.0,False,-20037.52877254864,14612.762516368804,-387.2374836311956,186304.61379325885,20696.052631578947,31686.509035706535,9047.072368421052,24443.18181818182,2433.571334004184,65997.16623999219,436605.2222258289
6_weeks_0.05_0.7_8000.0,6,0.05,0.7,8000.0,15000.0,False,-20037.52877254864,4500.0370455184975,-10499.962954481503,227393.692089211,20696.052631578947,31686.509035706535,9047.072368421052,18943.18181818182,18535.840907992217,59177.166239992184,499520.6500429689
6_weeks_0.05_0.7_16000.0,6,0.05,0.7,16000.0,15000.0,False,-20037.52877254864,5745.751331232784,-9254.248668767217,229473.692089211,20696.052631578947,31686.509035706535,9047.072368421052,20943.18181818182,16935.840907992217,61657.166239992184,499520.6500429689
6_weeks_0.05_0.7_30000.0,6,0.05,0.7,30000.0,15000.0,False,-20037.52877254864,7925.751331232784,-7074.248668767216,233113.692089211,20696.052631578947,31686.509035706535,9047.072368421052,24443.18181818182,14135.840907992217,65997.16623999219,499520.6500429689
6_weeks_0.01_0.75_8000.0,6,0.01,0.75,8000.0,15000.0,False,-18986.887325180214,16285.879983744542,1285.8799837445422,137538.3013900497,22174.34210526316,31686.509035706535,9474.720394736843,14465.803442714168,0.0,56897.2742992027,380608.04999798856
6_weeks_0.01_0.75_16000.0,6,0.01,0.75,16000.0,15000.0,False,-18986.887325180214,17474.45141231597,2474.4514123159715,140018.3013900497,22174.34210526316,31686.509035706535,9474.720394736843,14465.803442714168,0.0,59377.2742992027,380608.04999798856
6_weeks_0.01_0.75_30000.0,6,0.01,0.75,30000.0,15000.0,False,-18986.887325180214,19554.45141231597,4554.4514123159715,144358.3013900497,22174.34210526316,31686.509035706535,9474.720394736843,14465.803442714168,0.0,63717.2742992027,380608.04999798856
6_weeks_0.03_0.75_8000.0,6,0.03,0.75,8000.0,15000.0,False,-18986.887325180214,10462.105631970302,-4537.894368029698,178304.72185246937,22174.34210526316,31686.509035706535,9474.720394736843,18943.18181818182,6833.571334004184,56897.2742992027,436605.2222258289
6_weeks_0.03_0.75_16000.0,6,0.03,0.75,16000.0,15000.0,False,-18986.887325180214,11707.819917684586,-3292.1800823154135,180384.72185246937,22174.34210526316,31686.509035706535,9474.720394736843,20943.18181818182,5233.571334004184,59377.2742992027,436605.2222258289
6_weeks_0.03_0.75_30000.0,6,0.03,0.75,30000.0,15000.0,False,-18986.887325180214,13887.819917684586,-1112.1800823154135,184024.72185246937,22174.34210526316,31686.509035706535,9474.720394736843,24443.18181818182,2433.571334004184,63717.2742992027,436605.2222258289
6_weeks_0.05_0.75_8000.0,6,0.05,0.75,8000.0,15000.0,False,-18986.887325180214,3775.094446834285,-11224.905553165714,225113.8001484215,22174.34210526316,31686.509035706535,9474.720394736843,18943.18181818182,18535.840907992217,56897.2742992027,499520.6500429689
6_weeks_0.05_0.75_16000.0,6,0.05,0.75,16000.0,15000.0,False,-18986.887325180214,5020.80873254857,-9979.19126745143,227193.8001484215,22174.34210526316,31686.509035706535,9474.720394736843,20943.18181818182,16935.840907992217,59377.2742992027,499520.6500429689
6_weeks_0.05_0.75_30000.0,6,0.05,0.75,30000.0,15000.0,False,-18986.887325180214,7200.80873254857,-7799.19126745143,230833.8001484215,22174.34210526316,31686.509035706535,9474.720394736843,24443.18181818182,14135.840907992217,63717.2742992027,499520.6500429689
8_weeks_0.01_0.6_8000.0,8,0.01,0.6,8000.0,20000.0,False,-22688.68008833811,18840.116990323495,-1159.883009676505,145571.1916861023,16965.78947368421,31686.509035706535,7967.960526315789,14465.803442714168,0.0,64930.16459525534,380608.04999798856
8_weeks_0.01_0.6_16000.0,8,0.01,0.6,16000.0,20000.0,False,-22688.68008833811,20028.688418894923,28.688418894922506,148051.1916861023,16965.78947368421,31686.509035706535,7967.960526315789,14465.803442714168,0.0,67410.16459525534,380608.04999798856
8_weeks_0.01_0.6_30000.0,8,0.01,0.6,30000.0,20000.0,False,-22688.68008833811,22108.688418894923,2108.6884188949225,152391.1916861023,16965.78947368421,31686.509035706535,7967.960526315789,14465.803442714168,0.0,71750.16459525534,380608.04999798856
8_weeks_0.03_0.6_8000.0,8,0.03,0.6,8000.0,20000.0,False,-22688.68008833811,13016.342638549253,-6983.657361450747,186337.612148522,16965.78947368421,31686.509035706535,7967.960526315789,18943.18181818182,6833.571334004184,64930.16459525534,436605.2222258289
8_weeks_0.03_0.6_16000.0,8,0.03,0.6,16000.0,20000.0,False,-22688.68008833811,14262.05692426354,-5737.943075736461,188417.612148522,16965.78947368421,31686.509035706535,7967.960526315789,20943.18181818182,5233.571334004184,67410.16459525534,436605.2222258289
8_weeks_0.03_0.6_30000.0,8,0.03,0.6,30000.0,20000.0,False,-22688.68008833811,16442.05692426354,-3557.9430757364607,192057.612148522,16965.78947368421,31686.509035706535,7967.960526315789,24443.18181818182,2433.571334004184,71750.16459525534,436605.2222258289
8_weeks_0.05_0.6_8000.0,8,0.05,0.6,8000.0,20000.0,False,-22688.68008833811,6329.331453413232,-13670.668546586767,233146.69044447414,16965.78947368421,31686.509035706535,7967.960526315789,18943.18181818182,18535.840907992217,64930.16459525534,499520.6500429689
8_weeks_0.05_0.6_16000.0,8,0.05,0.6,16000.0,20000.0,False,-22688.68008833811,7575.045739127519,-12424.95426087248,235226.69044447414,16965.78947368421,31686.509035706535,7967.960526315789,20943.18181818182,16935.840907992217,67410.16459525534,499520.6500429689
8_weeks_0.05_0.6_30000.0,8,0.05,0.6,30000.0,20000.0,False,-22688.68008833811,9755.045739127518,-10244.954260872482,238866.69044447414,16965.78947368421,31686.509035706535,7967.960526315789,24443.18181818182,14135.840907992217,71750.16459525534,499520.6500429689
8_weeks_0.01_0.7_8000.0,8,0.01,0.7,8000.0,20000.0,False,-20679.041930443378,17453.466661376126,-2546.5333386238744,141210.27688347077,19793.421052631576,31686.509035706535,8785.95394736842,14465.803442714168,0.0,60569.24979262378,380608.04999798856
8_weeks_0.01_0.7_16000.0,8,0.01,0.7,16000.0,20000.0,False,-20679.041930443378,18642.038089947553,-1357.961910052447,143690.27688347077,19793.421052631576,31686.509035706535,8785.95394736842,14465.803442714168,0.0,63049.24979262378,380608.04999798856
8_weeks_0.01_0.7_30000.0,8,0.01,0.7,30000.0,20000.0,False,-20679.041930443378,20722.038089947553,722.0380899475531,148030.27688347077,19793.421052631576,31686.509035706535,8785.95394736842,14465.803442714168,0.0,67389.24979262378,380608.04999798856
8_weeks_0.03_0.7_8000.0,8,0.03,0.7,8000.0,20000.0,False,-20679.041930443378,11629.692309601885,-8370.307690398115,181976.69734589045,19793.421052631576,31686.509035706535,8785.95394736842,18943.18181818182,6833.571334004184,60569.24979262378,436605.2222258289
8_weeks_0.03_0.7_16000.0,8,0.03,0.7,16000.0,20000.0,False,-20679.041930443378,12875.406595316172,-7124.593404683828,184056.69734589045,19793.421052631576,31686.509035706535,8785.95394736842,20943.18181818182,5233.571334004184,63049.24979262378,436605.2222258289
8_weeks_0.03_0.7_30000.0,8,0.03,0.7,30000.0,20000.0,False,-20679.041930443378,15055.406595316172,-4944.593404683828,187696.69734589045,19793.421052631576,31686.509035706535,8785.95394736842,24443.18181818182,2433.571334004184,67389.24979262378,436605.2222258289
8_weeks_0.05_0.7_8000.0,8,0.05,0.7,8000.0,20000.0,False,-20679.041930443378,4942.681124465868,-15057.318875534133,228785.77564184257,19793.421052631576,31686.509035706535,8785.95394736842,18943.18181818182,18535.840907992217,60569.24979262378,499520.6500429689
8_weeks_0.05_0.7_16000.0,8,0.05,0.7,16000.0,20000.0,False,-20679.041930443378,6188.395410180155,-13811.604589819846,230865.77564184257,19793.421052631576,31686.509035706535,8785.95394736842,20943.18181818182,16935.840907992217,63049.24979262378,499520.6500429689
8_weeks_0.05_0.7_30000.0,8,0.05,0.7,30000.0,20000.0,False,-20679.041930443378,8368.395410180154,-11631.604589819846,234505.77564184257,19793.421052631576,31686.509035706535,8785.95394736842,24443.18181818182,14135.840907992217,67389.24979262378,499520.6500429689
8_weeks_0.01_0.75_8000.0,8,0.01,0.75,8000.0,20000.0,False,-19674.222851496004,16760.14149690244,-3239.858503097559,139029.81948215494,21207.236842105263,31686.509035706535,9194.950657894737,14465.803442714168,0.0,58388.792391307965,380608.04999798856
8_weeks_0.01_0.75_16000.0,8,0.01,0.75,16000.0,20000.0,False,-19674.222851496004,17948.71292547387,-2051.2870745261316,141509.81948215494,21207.236842105263,31686.509035706535,9194.950657894737,14465.803442714168,0.0,60868.792391307965,380608.04999798856
8_weeks_0.01_0.75_30000.0,8,0.01,0.75,30000.0,20000.0,False,-19674.222851496004,20028.71292547387,28.71292547386838,145849.81948215494,21207.236842105263,31686.509035706535,9194.950657894737,14465.803442714168,0.0,65208.792391307965,380608.04999798856
8_weeks_0.03_0.75_8000.0,8,0.03,0.75,8000.0,20000.0,False,-19674.222851496004,10936.367145128199,-9063.632854871801,179796.23994457463,21207.236842105263,31686.509035706535,9194.950657894737,18943.18181818182,6833.571334004184,58388.792391307965,436605.2222258289
8_weeks_0.03_0.75_16000.0,8,0.03,0.75,16000.0,20000.0,False,-19674.222851496004,12182.08143084248,-7817.91856915752,181876.23994457466,21207.236842105263,31686.509035706535,9194.950657894737,20943.18181818182,5233.571334004184,60868.792391307965,436605.2222258289
8_weeks_0.03_0.75_30000.0,8,0.03,0.75,30000.0,20000.0,False,-19674.222851496004,14362.08143084248,-5637.91856915752,185516.23994457466,21207.236842105263,31686.509035706535,9194.950657894737,24443.18181818182,2433.571334004184,65208.792391307965,436605.2222258289
8_weeks_0.05_0.75_8000.0,8,0.05,0.75,8000.0,20000.0,False,-19674.222851496004,4249.355959992178,-15750.64404000782,226605.31824052677,21207.236842105263,31686.509035706535,9194.950657894737,18943.18181818182,18535.840907992217,58388.792391307965,499520.6500429689
8_weeks_0.05_0.75_16000.0,8,0.05,0.75,16000.0,20000.0,False,-19674.222851496004,5495.0702457064635,-14504.929754293536,228685.31824052677,21207.236842105263,31686.509035706535,9194.950657894737,20943.18181818182,16935.840907992217,60868.792391307965,499520.6500429689
8_weeks_0.05_0.75_30000.0,8,0.05,0.75,30000.0,20000.0,False,-19674.222851496004,7675.0702457064635,-12324.929754293536,232325.31824052677,21207.236842105263,31686.509035706535,9194.950657894737,24443.18181818182,14135.840907992217,65208.792391307965,499520.6500429689
